<?xml version="1.0" encoding="UTF-8"?>
<project-private xmlns="http://www.netbeans.org/ns/project-private/1">
    <open-files xmlns="http://www.netbeans.org/ns/projectui-open-files/2">
        <group>
            <file>file:/C:/Users/smata/Tecnicas/TT/Clases/Clase32/src/curso/tecnicas/GUI/Principal.java</file>
            <file>file:/C:/Users/smata/Tecnicas/TT/Clases/Clase32/src/curso/tecnicas/GUI/CalculadoraGrafica.java</file>
            <file>file:/C:/Users/smata/Tecnicas/TT/Clases/Clase32/src/curso/tecnicas/GUI/ModificarDatosPersonales.java</file>
            <file>file:/C:/Users/smata/Tecnicas/TT/Clases/Clase32/src/curso/tecnicas/GUI/VerDatosPersonales.java</file>
            <file>file:/C:/Users/smata/Tecnicas/TT/Clases/Clase32/src/curso/tecnicas/entidades/CalculadoraLogica.java</file>
            <file>file:/C:/Users/smata/Tecnicas/TT/Clases/Clase32/src/curso/tecnicas/GUI/Registro.java</file>
        </group>
    </open-files>
</project-private>
